,date,title,price,condition,likes,url
0,2025-06-25,"i5 8th Gen, 16gb Ram, 1.27kg, Touchscreen, Thunderbolt 3, Lenovo X280 Budget Lightweight Portable Office Workstation Laptop with Windows 11 Pro Activated [Dell, Asus, HP, Acer]",S$220,Like new,123,https://www.carousell.sg/p/i5-8th-gen-16gb-ram-1-27kg-touchscreen-thunderbolt-3-lenovo-x280-budget-lightweight-portable-office-workstation-laptop-with-windows-11-pro-activated-dell-asus-hp-acer-1327767625/?t-id=rdi5OoIjtl_1750823294682&t-referrer_browse_type=categories&t-referrer_category_id=1793&t-referrer_page_type=category_browse&t-referrer_request_id=GgFmdx4PiEFt7x0R&t-referrer_sort_by=popular&t-tap_index=0
1,2025-06-25,"i5 12th Gen, 16gb Ram, 1.13kg, Touchscreen, Thunderbolt 3, 13.3 Inch Dell Latitude 7330 Budget Lightweight Portable Office Workstation Laptop with Windows 11 Pro Activated [Lenovo, Asus, HP, Acer]",S$450,Lightly used,10,https://www.carousell.sg/p/i5-12th-gen-16gb-ram-1-13kg-touchscreen-thunderbolt-3-13-3-inch-dell-latitude-7330-budget-lightweight-portable-office-workstation-laptop-with-windows-11-pro-activated-lenovo-asus-hp-acer-1372275990/?t-id=rdi5OoIjtl_1750823294682&t-referrer_browse_type=categories&t-referrer_category_id=1793&t-referrer_page_type=category_browse&t-referrer_request_id=GgFmdx4PiEFt7x0R&t-referrer_sort_by=popular&t-tap_index=1
2,2025-06-25,Offerüî•20gb ram core i7 lenovo thinkpad laptop pristine condition no issue with warrenty,S$380,Lightly used,0,https://www.carousell.sg/p/offer%F0%9F%94%A520gb-ram-core-i7-lenovo-thinkpad-laptop-pristine-condition-no-issue-with-warrenty-1376840167/?t-id=rdi5OoIjtl_1750823294682&t-referrer_browse_type=categories&t-referrer_category_id=1793&t-referrer_page_type=category_browse&t-referrer_request_id=GgFmdx4PiEFt7x0R&t-referrer_sort_by=popular&t-tap_index=2
3,2025-06-25,MSI GP 66 RTX3070 Laptop,S$840,Like new,1,https://www.carousell.sg/p/msi-gp-66-rtx3070-laptop-1376838063/?t-id=rdi5OoIjtl_1750823294682&t-referrer_browse_type=categories&t-referrer_category_id=1793&t-referrer_page_type=category_browse&t-referrer_request_id=GgFmdx4PiEFt7x0R&t-referrer_sort_by=popular&t-tap_index=3
4,2025-06-25,Offerüî•16gb ram core i7 10th gen Hp Elitebook laptop pristine condition no issues with warranty,S$498,Lightly used,1,https://www.carousell.sg/p/offer%F0%9F%94%A516gb-ram-core-i7-10th-gen-hp-elitebook-laptop-pristine-condition-no-issues-with-warranty-1376834045/?t-id=rdi5OoIjtl_1750823294682&t-referrer_browse_type=categories&t-referrer_category_id=1793&t-referrer_page_type=category_browse&t-referrer_request_id=GgFmdx4PiEFt7x0R&t-referrer_sort_by=popular&t-tap_index=5
5,2025-06-25,White colour replacement battery compatible with L12S4Z01 for Lenovo Notebook Laptop Ideapad S400 M40 S405 S410 S300 S310 S415,S$50,Brand new,0,https://www.carousell.sg/p/white-colour-replacement-battery-compatible-with-l12s4z01-for-lenovo-notebook-laptop-ideapad-s400-m40-s405-s410-s300-s310-s415-1376830461/?t-id=rdi5OoIjtl_1750823294682&t-referrer_browse_type=categories&t-referrer_category_id=1793&t-referrer_page_type=category_browse&t-referrer_request_id=GgFmdx4PiEFt7x0R&t-referrer_sort_by=popular&t-tap_index=6
6,2025-06-25,MacBook Air M1,S$500,Lightly used,0,https://www.carousell.sg/p/macbook-air-m1-1376829865/?t-id=rdi5OoIjtl_1750823294682&t-referrer_browse_type=categories&t-referrer_category_id=1793&t-referrer_page_type=category_browse&t-referrer_request_id=GgFmdx4PiEFt7x0R&t-referrer_sort_by=popular&t-tap_index=7
7,2025-06-25,(same day delivery) Genuine Lenovo 65W 20V 3.25A Laptop Adapter Charger Power for Lenovo IdeaPad 330 310 310s 320 320s 510s 520 520s 710s 720s,S$25,Brand new,23,https://www.carousell.sg/p/same-day-delivery-genuine-lenovo-65w-20v-3-25a-laptop-adapter-charger-power-for-lenovo-ideapad-330-310-310s-320-320s-510s-520-520s-710s-720s-1366694139/?t-id=rdi5OoIjtl_1750823294682&t-referrer_browse_type=categories&t-referrer_category_id=1793&t-referrer_page_type=category_browse&t-referrer_request_id=GgFmdx4PiEFt7x0R&t-referrer_sort_by=popular&t-tap_index=8
8,2025-06-25,"RTX4060 Ryzen 7 7840HS/16GB/1TB SSD/15.6"" QHD IPS 165Hz Aftershock Apex 15R Gaming Laptop [Warranty till Oct2026]","S$1,100",Like new,1,https://www.carousell.sg/p/rtx4060-ryzen-7-7840hs-16gb-1tb-ssd-15-6-qhd-ips-165hz-aftershock-apex-15r-gaming-laptop-warranty-till-oct2026-1376828499/?t-id=rdi5OoIjtl_1750823294682&t-referrer_browse_type=categories&t-referrer_category_id=1793&t-referrer_page_type=category_browse&t-referrer_request_id=GgFmdx4PiEFt7x0R&t-referrer_sort_by=popular&t-tap_index=9
9,2025-06-25,13 inch MacBook Air (BNIB-sealed),"S$1,300",Brand new,1,https://www.carousell.sg/p/13-inch-macbook-air-bnib-sealed-1376828360/?t-id=rdi5OoIjtl_1750823294682&t-referrer_browse_type=categories&t-referrer_category_id=1793&t-referrer_page_type=category_browse&t-referrer_request_id=GgFmdx4PiEFt7x0R&t-referrer_sort_by=popular&t-tap_index=10
10,2025-06-25,Acer E5-575 N16Q2,S$150,Well used,0,https://www.carousell.sg/p/acer-e5-575-n16q2-1376825812/?t-id=rdi5OoIjtl_1750823294682&t-referrer_browse_type=categories&t-referrer_category_id=1793&t-referrer_page_type=category_browse&t-referrer_request_id=GgFmdx4PiEFt7x0R&t-referrer_sort_by=popular&t-tap_index=11
11,2025-06-25,"Acer 5 Spin 14"" Intel Core 7 150U 16GB 512GB WUXGA Touch Screen + Pen",S$749,Like new,4,https://www.carousell.sg/p/acer-5-spin-14-intel-core-7-150u-16gb-512gb-wuxga-touch-screen-pen-1360291654/?t-id=rdi5OoIjtl_1750823294682&t-referrer_browse_type=categories&t-referrer_category_id=1793&t-referrer_page_type=category_browse&t-referrer_request_id=GgFmdx4PiEFt7x0R&t-referrer_sort_by=popular&t-tap_index=13
12,2025-06-25,"Asus VivoBook S14 i5-12500H 16GB 512GB 14"" WUXGA",S$849,Like new,9,https://www.carousell.sg/p/asus-vivobook-s14-i5-12500h-16gb-512gb-14-wuxga-1328520285/?t-id=rdi5OoIjtl_1750823294682&t-referrer_browse_type=categories&t-referrer_category_id=1793&t-referrer_page_type=category_browse&t-referrer_request_id=GgFmdx4PiEFt7x0R&t-referrer_sort_by=popular&t-tap_index=14
13,2025-06-25,Macbook Air M2 15inch 2023,"S$1,100",Like new,0,https://www.carousell.sg/p/macbook-air-m2-15inch-2023-1376824529/?t-id=rdi5OoIjtl_1750823294682&t-referrer_browse_type=categories&t-referrer_category_id=1793&t-referrer_page_type=category_browse&t-referrer_request_id=GgFmdx4PiEFt7x0R&t-referrer_sort_by=popular&t-tap_index=15
14,2025-06-25,Lenovo Neo 50q Gen 4 i5-13420H 16GB 512GB Desktop,S$770,Brand new,1,https://www.carousell.sg/p/lenovo-neo-50q-gen-4-i5-13420h-16gb-512gb-desktop-1362575715/?t-id=rdi5OoIjtl_1750823294682&t-referrer_browse_type=categories&t-referrer_category_id=1793&t-referrer_page_type=category_browse&t-referrer_request_id=GgFmdx4PiEFt7x0R&t-referrer_sort_by=popular&t-tap_index=16
15,2025-06-25,Lenovo Tinkpad MT20 TS Bu idea i5 10th gen Super fast laptop,S$310,Like new,1,https://www.carousell.sg/p/lenovo-tinkpad-mt20-ts-bu-idea-i5-10th-gen-super-fast-laptop-1376823556/?t-id=rdi5OoIjtl_1750823294682&t-referrer_browse_type=categories&t-referrer_category_id=1793&t-referrer_page_type=category_browse&t-referrer_request_id=GgFmdx4PiEFt7x0R&t-referrer_sort_by=popular&t-tap_index=17
16,2025-06-25,HP Pavilion Laptop,S$500,Like new,2,https://www.carousell.sg/p/hp-pavilion-laptop-1376823365/?t-id=rdi5OoIjtl_1750823294682&t-referrer_browse_type=categories&t-referrer_category_id=1793&t-referrer_page_type=category_browse&t-referrer_request_id=GgFmdx4PiEFt7x0R&t-referrer_sort_by=popular&t-tap_index=18
17,2025-06-25,Microsoft Surface Laptop 5 i5-1235U 8GB 256GB Platinum,S$880,Lightly used,14,https://www.carousell.sg/p/microsoft-surface-laptop-5-i5-1235u-8gb-256gb-platinum-1327476836/?t-id=rdi5OoIjtl_1750823294682&t-referrer_browse_type=categories&t-referrer_category_id=1793&t-referrer_page_type=category_browse&t-referrer_request_id=GgFmdx4PiEFt7x0R&t-referrer_sort_by=popular&t-tap_index=19
18,2025-06-25,"*Instalment* Flexible Payment Schemes on Eligible Laptops! Featuring Gigabyte/Aorus, Asus/ROG Strix, Vivobook Zenbook, Lenovo Thinkpad and more!",S$199,Brand new,654,https://www.carousell.sg/p/instalment-flexible-payment-schemes-on-eligible-laptops-featuring-gigabyte-aorus-asus-rog-strix-vivobook-zenbook-lenovo-thinkpad-and-more-1000608503/?t-id=rdi5OoIjtl_1750823294682&t-referrer_browse_type=categories&t-referrer_category_id=1793&t-referrer_page_type=category_browse&t-referrer_request_id=GgFmdx4PiEFt7x0R&t-referrer_sort_by=popular&t-tap_index=20
19,2025-06-25,üîã 100% MacBook Air M3 Chip 2024 15 inch,"S$1,280",Like new,11,https://www.carousell.sg/p/%F0%9F%94%8B-100-macbook-air-m3-chip-2024-15-inch-1376054996/?t-id=rdi5OoIjtl_1750823294682&t-referrer_browse_type=categories&t-referrer_category_id=1793&t-referrer_page_type=category_browse&t-referrer_request_id=GgFmdx4PiEFt7x0R&t-referrer_sort_by=popular&t-tap_index=21
20,2025-06-25,"Lenovo Yoga Slim 7 Pro i5-12500H 16GB 512GB 14"" 2.8K",S$949,Like new,6,https://www.carousell.sg/p/lenovo-yoga-slim-7-pro-i5-12500h-16gb-512gb-14-2-8k-1359719297/?t-id=rdi5OoIjtl_1750823294682&t-referrer_browse_type=categories&t-referrer_category_id=1793&t-referrer_page_type=category_browse&t-referrer_request_id=GgFmdx4PiEFt7x0R&t-referrer_sort_by=popular&t-tap_index=22
21,2025-06-25,"Acer Nitro 5 15"" Ryzen 7 5800H RTX 3050Ti 16GB 512GB FHD 144Hz",S$870,Like new,18,https://www.carousell.sg/p/acer-nitro-5-15-ryzen-7-5800h-rtx-3050ti-16gb-512gb-fhd-144hz-1358293565/?t-id=rdi5OoIjtl_1750823294682&t-referrer_browse_type=categories&t-referrer_category_id=1793&t-referrer_page_type=category_browse&t-referrer_request_id=GgFmdx4PiEFt7x0R&t-referrer_sort_by=popular&t-tap_index=23
22,2025-06-25,Computer Keyboard- Lenovo,S$5,Well used,1,https://www.carousell.sg/p/computer-keyboard-lenovo-1376822640/?t-id=rdi5OoIjtl_1750823294682&t-referrer_browse_type=categories&t-referrer_category_id=1793&t-referrer_page_type=category_browse&t-referrer_request_id=GgFmdx4PiEFt7x0R&t-referrer_sort_by=popular&t-tap_index=26
23,2025-06-25,"Lenovo ThinkPad E14 i7-1355U 16GB 512GB 14"" WUXGA Display Gen 5",S$949,Like new,24,https://www.carousell.sg/p/lenovo-thinkpad-e14-i7-1355u-16gb-512gb-14-wuxga-display-gen-5-1355169114/?t-id=rdi5OoIjtl_1750823294682&t-referrer_browse_type=categories&t-referrer_category_id=1793&t-referrer_page_type=category_browse&t-referrer_request_id=GgFmdx4PiEFt7x0R&t-referrer_sort_by=popular&t-tap_index=27
24,2025-06-25,"Sleek Dell Latitude Touchscreen | i5 7th Gen | 8GB RAM | 256GB SSD | Win 11 Pro- Microsoft office 2021- 12.5"" display - Excellent working conditions",S$240,Like new,1,https://www.carousell.sg/p/sleek-dell-latitude-touchscreen-i5-7th-gen-8gb-ram-256gb-ssd-win-11-pro-microsoft-office-2021-12-5-display-excellent-working-conditions-1376822389/?t-id=rdi5OoIjtl_1750823294682&t-referrer_browse_type=categories&t-referrer_category_id=1793&t-referrer_page_type=category_browse&t-referrer_request_id=GgFmdx4PiEFt7x0R&t-referrer_sort_by=popular&t-tap_index=28
25,2025-06-25,Computer keyboard - Acer,S$5,Well used,1,https://www.carousell.sg/p/computer-keyboard-acer-1376822325/?t-id=rdi5OoIjtl_1750823294682&t-referrer_browse_type=categories&t-referrer_category_id=1793&t-referrer_page_type=category_browse&t-referrer_request_id=GgFmdx4PiEFt7x0R&t-referrer_sort_by=popular&t-tap_index=29
26,2025-06-25,Precision 5560 powerful professional mobile workstation | i9-11950H Gen Processor | 64GB RAM with 1TB SSD NVME | NVIDIA RTX A2000 GPU 4GB Dedicated | 15.6-inch 4K OLED (3840x2400) Touchscreen Display | Windows 11Pro | Stock = 5Units,"S$1,199",Like new,1,https://www.carousell.sg/p/precision-5560-powerful-professional-mobile-workstation-i9-11950h-gen-processor-64gb-ram-with-1tb-ssd-nvme-nvidia-rtx-a2000-gpu-4gb-dedicated-15-6-inch-4k-oled-3840x2400-touchscreen-display-windows-11pro-stock-5units-1376821992/?t-id=rdi5OoIjtl_1750823294682&t-referrer_browse_type=categories&t-referrer_category_id=1793&t-referrer_page_type=category_browse&t-referrer_request_id=GgFmdx4PiEFt7x0R&t-referrer_sort_by=popular&t-tap_index=30
27,2025-06-25,"20gb+ 1 tb Fast Lenovo ThinkPad ‚Äì i7 | 14"" FHD | Fingerprint | HDMI | USB-C | Slim & Powerful- RAM 20 GB - SSD 1 TB - Windows 11 Pro - Microsoft office 2021- Excellent working conditions",S$500,Like new,1,https://www.carousell.sg/p/20gb-1-tb-fast-lenovo-thinkpad-%E2%80%93-i7-14-fhd-fingerprint-hdmi-usb-c-slim-powerful-ram-20-gb-ssd-1-tb-windows-11-pro-microsoft-office-2021-excellent-working-conditions-1376821947/?t-id=rdi5OoIjtl_1750823294682&t-referrer_browse_type=categories&t-referrer_category_id=1793&t-referrer_page_type=category_browse&t-referrer_request_id=GgFmdx4PiEFt7x0R&t-referrer_sort_by=popular&t-tap_index=31
28,2025-06-25,"Asus VivoBook S14 Flip R7 7730U 16GB 1TB 14"" WUXGA Touch Display (UP $1,199.00)","Asus VivoBook S14 Flip R7 7730U 16GB 1TB 14"" WUXGA Touch Display (UP $1,199.00)",Like new,3,https://www.carousell.sg/p/asus-vivobook-s14-flip-r7-7730u-16gb-1tb-14-wuxga-touch-display-up-1-199-00-1369950019/?t-id=rdi5OoIjtl_1750823294682&t-referrer_browse_type=categories&t-referrer_category_id=1793&t-referrer_page_type=category_browse&t-referrer_request_id=GgFmdx4PiEFt7x0R&t-referrer_sort_by=popular&t-tap_index=32
29,2025-06-25,"Lenovo Yoga 7 i7-1260P 16GB 512GB 14"" 2.2K Touch Display",S$899,Like new,22,https://www.carousell.sg/p/lenovo-yoga-7-i7-1260p-16gb-512gb-14-2-2k-touch-display-1352425448/?t-id=rdi5OoIjtl_1750823294682&t-referrer_browse_type=categories&t-referrer_category_id=1793&t-referrer_page_type=category_browse&t-referrer_request_id=GgFmdx4PiEFt7x0R&t-referrer_sort_by=popular&t-tap_index=33
30,2025-06-25,"HP Envy 16 i5-12500H Arc A370M 16GB 1TB 16"" WQXGA 120Hz (UP $1999.00)","HP Envy 16 i5-12500H Arc A370M 16GB 1TB 16"" WQXGA 120Hz (UP $1999.00)",Like new,11,https://www.carousell.sg/p/hp-envy-16-i5-12500h-arc-a370m-16gb-1tb-16-wqxga-120hz-up-1999-00-1358233910/?t-id=rdi5OoIjtl_1750823294682&t-referrer_browse_type=categories&t-referrer_category_id=1793&t-referrer_page_type=category_browse&t-referrer_request_id=GgFmdx4PiEFt7x0R&t-referrer_sort_by=popular&t-tap_index=34
31,2025-06-25,16‚Äù MacBook Pro with M1 Pro chip,"S$1,450",Like new,0,https://www.carousell.sg/p/16%E2%80%9D-macbook-pro-with-m1-pro-chip-1376820918/?t-id=rdi5OoIjtl_1750823294682&t-referrer_browse_type=categories&t-referrer_category_id=1793&t-referrer_page_type=category_browse&t-referrer_request_id=GgFmdx4PiEFt7x0R&t-referrer_sort_by=popular&t-tap_index=35
32,2025-06-25,[BRAND NEW IN BOX] iPad Pro 11 Inch M4,"S$1,350",Brand new,0,https://www.carousell.sg/p/brand-new-in-box-ipad-pro-11-inch-m4-1376820787/?t-id=rdi5OoIjtl_1750823294682&t-referrer_browse_type=categories&t-referrer_category_id=1793&t-referrer_page_type=category_browse&t-referrer_request_id=GgFmdx4PiEFt7x0R&t-referrer_sort_by=popular&t-tap_index=36
33,2025-06-25,Apple MacBook Air(M4) 13/15 inch,"S$1,300",Like new,0,https://www.carousell.sg/p/apple-macbook-air-m4-13-15-inch-1376819868/?t-id=rdi5OoIjtl_1750823294682&t-referrer_browse_type=categories&t-referrer_category_id=1793&t-referrer_page_type=category_browse&t-referrer_request_id=GgFmdx4PiEFt7x0R&t-referrer_sort_by=popular&t-tap_index=37
34,2025-06-25,MacBook Pro 13 inch 2020 Touch Bar,S$548,Well used,83,https://www.carousell.sg/p/macbook-pro-13-inch-2020-touch-bar-1359942180/?t-id=rdi5OoIjtl_1750823294682&t-referrer_browse_type=categories&t-referrer_category_id=1793&t-referrer_page_type=category_browse&t-referrer_request_id=GgFmdx4PiEFt7x0R&t-referrer_sort_by=popular&t-tap_index=38
35,2025-06-25,Macbook Air 13 2020 Full Box Set,S$398,Like new,76,https://www.carousell.sg/p/macbook-air-13-2020-full-box-set-1360588534/?t-id=rdi5OoIjtl_1750823294682&t-referrer_browse_type=categories&t-referrer_category_id=1793&t-referrer_page_type=category_browse&t-referrer_request_id=GgFmdx4PiEFt7x0R&t-referrer_sort_by=popular&t-tap_index=39
36,2025-06-25,MacBook Air 13-inch (2018),S$300,Well used,0,https://www.carousell.sg/p/macbook-air-13-inch-2018-1376818389/?t-id=rdi5OoIjtl_1750823294682&t-referrer_browse_type=categories&t-referrer_category_id=1793&t-referrer_page_type=category_browse&t-referrer_request_id=GgFmdx4PiEFt7x0R&t-referrer_sort_by=popular&t-tap_index=40
37,2025-06-25,"Apple MacBook Pro 14"" M3 Pro 18GB 512GB SSD Space Black","S$1,749",Like new,32,https://www.carousell.sg/p/apple-macbook-pro-14-m3-pro-18gb-512gb-ssd-space-black-1361841738/?t-id=rdi5OoIjtl_1750823294682&t-referrer_browse_type=categories&t-referrer_category_id=1793&t-referrer_page_type=category_browse&t-referrer_request_id=GgFmdx4PiEFt7x0R&t-referrer_sort_by=popular&t-tap_index=41
38,2025-06-25,"MacBook Air 13-inch, 2024 M3 Chip, 512/8GB Midnight","S$1,214",Like new,7,https://www.carousell.sg/p/macbook-air-13-inch-2024-m3-chip-512-8gb-midnight-1375372244/?t-id=rdi5OoIjtl_1750823294682&t-referrer_browse_type=categories&t-referrer_category_id=1793&t-referrer_page_type=category_browse&t-referrer_request_id=GgFmdx4PiEFt7x0R&t-referrer_sort_by=popular&t-tap_index=42
39,2025-06-25,Apple MacBook Air 13.6-inch M2 Chip,"S$1,200",Like new,0,https://www.carousell.sg/p/apple-macbook-air-13-6-inch-m2-chip-1376814305/?t-id=rdi5OoIjtl_1750823294682&t-referrer_browse_type=categories&t-referrer_category_id=1793&t-referrer_page_type=category_browse&t-referrer_request_id=GgFmdx4PiEFt7x0R&t-referrer_sort_by=popular&t-tap_index=43
40,2025-06-25,Lenovo ThinkPad X12 Detachable Gen 1(Japan Keyboard) | Intel Core i5-1140G7/16GB Ram/256GB SSD | Windows 11 Pro + MS Office 2021 | 1 Month Shop Warranty,S$499.99,Like new,66,https://www.carousell.sg/p/lenovo-thinkpad-x12-detachable-gen-1-japan-keyboard-intel-core-i5-1140g7-16gb-ram-256gb-ssd-windows-11-pro-ms-office-2021-1-month-shop-warranty-1255133393/?t-id=rdi5OoIjtl_1750823294682&t-referrer_browse_type=categories&t-referrer_category_id=1793&t-referrer_page_type=category_browse&t-referrer_request_id=GgFmdx4PiEFt7x0R&t-referrer_sort_by=popular&t-tap_index=45
41,2025-06-25,HP ZBook G2 17 Inch Work Station,S$149,Well used,0,https://www.carousell.sg/p/hp-zbook-g2-17-inch-work-station-1376813493/?t-id=rdi5OoIjtl_1750823294682&t-referrer_browse_type=categories&t-referrer_category_id=1793&t-referrer_page_type=category_browse&t-referrer_request_id=GgFmdx4PiEFt7x0R&t-referrer_sort_by=popular&t-tap_index=46
42,2025-06-25,Aftershock,S$550,Lightly used,1,https://www.carousell.sg/p/aftershock-1376813044/?t-id=rdi5OoIjtl_1750823294682&t-referrer_browse_type=categories&t-referrer_category_id=1793&t-referrer_page_type=category_browse&t-referrer_request_id=GgFmdx4PiEFt7x0R&t-referrer_sort_by=popular&t-tap_index=47
43,2025-06-25,Apple MacBook Pro 17 inch,S$199,Lightly used,0,https://www.carousell.sg/p/apple-macbook-pro-17-inch-1376812583/?t-id=rdi5OoIjtl_1750823294682&t-referrer_browse_type=categories&t-referrer_category_id=1793&t-referrer_page_type=category_browse&t-referrer_request_id=GgFmdx4PiEFt7x0R&t-referrer_sort_by=popular&t-tap_index=48
44,2025-06-25,"Clearance Sale: Smartphones, iPads, Macbooks",S$1,Like new,14,https://www.carousell.sg/p/clearance-sale-smartphones-ipads-macbooks-1376689951/?t-id=rdi5OoIjtl_1750823294682&t-referrer_browse_type=categories&t-referrer_category_id=1793&t-referrer_page_type=category_browse&t-referrer_request_id=GgFmdx4PiEFt7x0R&t-referrer_sort_by=popular&t-tap_index=49
45,2025-06-25,Cheap Toshiba i5 Win 11 Nvidia Light Gaming Laptop,S$199,Well used,1,https://www.carousell.sg/p/cheap-toshiba-i5-win-11-nvidia-light-gaming-laptop-1376809383/?t-id=rdi5OoIjtl_1750823294682&t-referrer_browse_type=categories&t-referrer_category_id=1793&t-referrer_page_type=category_browse&t-referrer_request_id=GgFmdx4PiEFt7x0R&t-referrer_sort_by=popular&t-tap_index=50
46,2025-06-25,"TOUCHSCREEN Lenovo ThinkPad X390 i7 8th Generation, Led 13.3 inches Full HD with Windows 11 Pro . Ms Office Pro 2021, pristine condition",S$395,Like new,0,https://www.carousell.sg/p/touchscreen-lenovo-thinkpad-x390-i7-8th-generation-led-13-3-inches-full-hd-with-windows-11-pro-ms-office-pro-2021-pristine-condition-1376808338/?t-id=rdi5OoIjtl_1750823294682&t-referrer_browse_type=categories&t-referrer_category_id=1793&t-referrer_page_type=category_browse&t-referrer_request_id=GgFmdx4PiEFt7x0R&t-referrer_sort_by=popular&t-tap_index=51
47,2025-06-25,2019 CTO i5 MacBook Air,S$299,Well used,5,https://www.carousell.sg/p/2019-cto-i5-macbook-air-1376807494/?t-id=rdi5OoIjtl_1750823294682&t-referrer_browse_type=categories&t-referrer_category_id=1793&t-referrer_page_type=category_browse&t-referrer_request_id=GgFmdx4PiEFt7x0R&t-referrer_sort_by=popular&t-tap_index=52
48,2025-06-25,Lenovo Ryzen 5 IdeaPad Laptop,S$299,Lightly used,3,https://www.carousell.sg/p/lenovo-ryzen-5-ideapad-laptop-1376807386/?t-id=rdi5OoIjtl_1750823294682&t-referrer_browse_type=categories&t-referrer_category_id=1793&t-referrer_page_type=category_browse&t-referrer_request_id=4d_i0yQKTe-xu4kD&t-referrer_sort_by=popular&t-tap_index=53
49,2025-06-25,Surface Laptop Studio,S$588,Lightly used,0,https://www.carousell.sg/p/surface-laptop-studio-1376807297/?t-id=rdi5OoIjtl_1750823294682&t-referrer_browse_type=categories&t-referrer_category_id=1793&t-referrer_page_type=category_browse&t-referrer_request_id=4d_i0yQKTe-xu4kD&t-referrer_sort_by=popular&t-tap_index=56
50,2025-06-25,(Like New) Lenovo Legion 5,"S$1,050",Like new,0,https://www.carousell.sg/p/like-new-lenovo-legion-5-1376806798/?t-id=rdi5OoIjtl_1750823294682&t-referrer_browse_type=categories&t-referrer_category_id=1793&t-referrer_page_type=category_browse&t-referrer_request_id=4d_i0yQKTe-xu4kD&t-referrer_sort_by=popular&t-tap_index=57
51,2025-06-25,Macbook Pro 13-inch M2 with Touchbar | 16GB | 256GB | Model A2338,"S$1,200",Lightly used,0,https://www.carousell.sg/p/macbook-pro-13-inch-m2-with-touchbar-16gb-256gb-model-a2338-1376804410/?t-id=rdi5OoIjtl_1750823294682&t-referrer_browse_type=categories&t-referrer_category_id=1793&t-referrer_page_type=category_browse&t-referrer_request_id=4d_i0yQKTe-xu4kD&t-referrer_sort_by=popular&t-tap_index=58
52,2025-06-25,üî• [ 2-in-1 Dell Latitude 5320 ] - Intel i7-11th | 16GB RAM | 512GB SSD üî•,S$720,Lightly used,0,https://www.carousell.sg/p/%F0%9F%94%A5-2-in-1-dell-latitude-5320-intel-i7-11th-16gb-ram-512gb-ssd-%F0%9F%94%A5-1376804361/?t-id=rdi5OoIjtl_1750823294682&t-referrer_browse_type=categories&t-referrer_category_id=1793&t-referrer_page_type=category_browse&t-referrer_request_id=4d_i0yQKTe-xu4kD&t-referrer_sort_by=popular&t-tap_index=59
53,2025-06-25,MacBook Pro 2020 (4TB),S$550,Like new,0,https://www.carousell.sg/p/macbook-pro-2020-4tb-1376802842/?t-id=rdi5OoIjtl_1750823294682&t-referrer_browse_type=categories&t-referrer_category_id=1793&t-referrer_page_type=category_browse&t-referrer_request_id=4d_i0yQKTe-xu4kD&t-referrer_sort_by=popular&t-tap_index=60
54,2025-06-25,"RTX4060 i7-12650H/16GB/512GB SSD/15.6"" FHD IPS 144Hz Acer Nitro 5 (AN515-58) Gaming Laptop","S$1,000",Like new,1,https://www.carousell.sg/p/rtx4060-i7-12650h-16gb-512gb-ssd-15-6-fhd-ips-144hz-acer-nitro-5-an515-58-gaming-laptop-1376802771/?t-id=rdi5OoIjtl_1750823294682&t-referrer_browse_type=categories&t-referrer_category_id=1793&t-referrer_page_type=category_browse&t-referrer_request_id=4d_i0yQKTe-xu4kD&t-referrer_sort_by=popular&t-tap_index=61
55,2025-06-25,Microsoft Surface Book 2,S$350,Lightly used,2,https://www.carousell.sg/p/microsoft-surface-book-2-1376802371/?t-id=rdi5OoIjtl_1750823294682&t-referrer_browse_type=categories&t-referrer_category_id=1793&t-referrer_page_type=category_browse&t-referrer_request_id=4d_i0yQKTe-xu4kD&t-referrer_sort_by=popular&t-tap_index=62
56,2025-06-25,Amazon Kindle,S$40,Brand new,5,https://www.carousell.sg/p/amazon-kindle-1376801060/?t-id=rdi5OoIjtl_1750823294682&t-referrer_browse_type=categories&t-referrer_category_id=1793&t-referrer_page_type=category_browse&t-referrer_request_id=4d_i0yQKTe-xu4kD&t-referrer_sort_by=popular&t-tap_index=63
57,2025-06-25,ASUS Laptop - Windows 10,S$200,Well used,1,https://www.carousell.sg/p/asus-laptop-windows-10-1376799626/?t-id=rdi5OoIjtl_1750823294682&t-referrer_browse_type=categories&t-referrer_category_id=1793&t-referrer_page_type=category_browse&t-referrer_request_id=4d_i0yQKTe-xu4kD&t-referrer_sort_by=popular&t-tap_index=64
58,2025-06-25,HP stream 11-ak0xxx in white,S$100,Well used,1,https://www.carousell.sg/p/hp-stream-11-ak0xxx-in-white-1376799193/?t-id=rdi5OoIjtl_1750823294682&t-referrer_browse_type=categories&t-referrer_category_id=1793&t-referrer_page_type=category_browse&t-referrer_request_id=4d_i0yQKTe-xu4kD&t-referrer_sort_by=popular&t-tap_index=65
59,2025-06-25,Lenovo I5-10th gen 16gb ram 512gb ssd,S$320,Like new,0,https://www.carousell.sg/p/lenovo-i5-10th-gen-16gb-ram-512gb-ssd-1376796269/?t-id=rdi5OoIjtl_1750823294682&t-referrer_browse_type=categories&t-referrer_category_id=1793&t-referrer_page_type=category_browse&t-referrer_request_id=4d_i0yQKTe-xu4kD&t-referrer_sort_by=popular&t-tap_index=66
60,2025-06-25,Yoga Lenovo L13 touchscreen with stylus 2 in 1 laptop,S$200,Lightly used,2,https://www.carousell.sg/p/yoga-lenovo-l13-touchscreen-with-stylus-2-in-1-laptop-1376796219/?t-id=rdi5OoIjtl_1750823294682&t-referrer_browse_type=categories&t-referrer_category_id=1793&t-referrer_page_type=category_browse&t-referrer_request_id=4d_i0yQKTe-xu4kD&t-referrer_sort_by=popular&t-tap_index=68
61,2025-06-25,"2025 ASUS TUF A16 ( AMD Ryzen 9-8940HX, RTX 5070, 32GB DDR5 RAM, 2.5K (2560 x 1600, WQXGA) QHD+ 165Hz Screen, 1TB SSD ) JAEGER GREY Gaming Laptop Notebook","S$2,499",Brand new,26,https://www.carousell.sg/p/2025-asus-tuf-a16-amd-ryzen-9-8940hx-rtx-5070-32gb-ddr5-ram-2-5k-2560-x-1600-wqxga-qhd-165hz-screen-1tb-ssd-jaeger-grey-gaming-laptop-notebook-1308525888/?t-id=rdi5OoIjtl_1750823294682&t-referrer_browse_type=categories&t-referrer_category_id=1793&t-referrer_page_type=category_browse&t-referrer_request_id=4d_i0yQKTe-xu4kD&t-referrer_sort_by=popular&t-tap_index=70
62,2025-06-25,Wts asus Tuf f15 rtx 3050 i7 12th gen gaming laptop warranty 2027,S$800,Like new,3,https://www.carousell.sg/p/wts-asus-tuf-f15-rtx-3050-i7-12th-gen-gaming-laptop-warranty-2027-1376795730/?t-id=rdi5OoIjtl_1750823294682&t-referrer_browse_type=categories&t-referrer_category_id=1793&t-referrer_page_type=category_browse&t-referrer_request_id=4d_i0yQKTe-xu4kD&t-referrer_sort_by=popular&t-tap_index=71
63,2025-06-25,M1 MacBook Air 8gb 500gb,S$550,Like new,1,https://www.carousell.sg/p/m1-macbook-air-8gb-500gb-1376795436/?t-id=rdi5OoIjtl_1750823294682&t-referrer_browse_type=categories&t-referrer_category_id=1793&t-referrer_page_type=category_browse&t-referrer_request_id=4d_i0yQKTe-xu4kD&t-referrer_sort_by=popular&t-tap_index=72
64,2025-06-25,MacBook Air m1 chip 256gb,S$650,Like new,0,https://www.carousell.sg/p/macbook-air-m1-chip-256gb-1376795376/?t-id=rdi5OoIjtl_1750823294682&t-referrer_browse_type=categories&t-referrer_category_id=1793&t-referrer_page_type=category_browse&t-referrer_request_id=4d_i0yQKTe-xu4kD&t-referrer_sort_by=popular&t-tap_index=73
65,2025-06-25,Lenovo laptop IdeaPad s540 Ryzen 7 20gb ram full box,S$400,Lightly used,1,https://www.carousell.sg/p/lenovo-laptop-ideapad-s540-ryzen-7-20gb-ram-full-box-1376795008/?t-id=rdi5OoIjtl_1750823294682&t-referrer_browse_type=categories&t-referrer_category_id=1793&t-referrer_page_type=category_browse&t-referrer_request_id=4d_i0yQKTe-xu4kD&t-referrer_sort_by=popular&t-tap_index=74
66,2025-06-25,Lenovo Legion 5 Gaming Laptop,"S$1,299",Like new,0,https://www.carousell.sg/p/lenovo-legion-5-gaming-laptop-1376794630/?t-id=rdi5OoIjtl_1750823294682&t-referrer_browse_type=categories&t-referrer_category_id=1793&t-referrer_page_type=category_browse&t-referrer_request_id=4d_i0yQKTe-xu4kD&t-referrer_sort_by=popular&t-tap_index=75
67,2025-06-25,Acer Nitro 5 AN515-47 Gaming Laptop,S$680,Like new,6,https://www.carousell.sg/p/acer-nitro-5-an515-47-gaming-laptop-1376794460/?t-id=rdi5OoIjtl_1750823294682&t-referrer_browse_type=categories&t-referrer_category_id=1793&t-referrer_page_type=category_browse&t-referrer_request_id=4d_i0yQKTe-xu4kD&t-referrer_sort_by=popular&t-tap_index=76
68,2025-06-25,"2025 ASUS TUF A14 ( Ryzen AI 7 350, RTX 5060 , 32GB DDR5 RAM, 14-inch 2.5K QHD+ 165Hz IPS Screen, 1TB SSD ) Portable Compact Lightweight Gaming Laptop Notebook FA401","S$2,499",Brand new,31,https://www.carousell.sg/p/2025-asus-tuf-a14-ryzen-ai-7-350-rtx-5060-32gb-ddr5-ram-14-inch-2-5k-qhd-165hz-ips-screen-1tb-ssd-portable-compact-lightweight-gaming-laptop-notebook-fa401-1318648572/?t-id=rdi5OoIjtl_1750823294682&t-referrer_browse_type=categories&t-referrer_category_id=1793&t-referrer_page_type=category_browse&t-referrer_request_id=4d_i0yQKTe-xu4kD&t-referrer_sort_by=popular&t-tap_index=77
69,2025-06-25,Lenovo 500e Chromebook 2nd Gen Laptop,S$35,Well used,5,https://www.carousell.sg/p/lenovo-500e-chromebook-2nd-gen-laptop-1376793291/?t-id=rdi5OoIjtl_1750823294682&t-referrer_browse_type=categories&t-referrer_category_id=1793&t-referrer_page_type=category_browse&t-referrer_request_id=4d_i0yQKTe-xu4kD&t-referrer_sort_by=popular&t-tap_index=78
70,2025-06-25,Gaming Laptop,S$300,Well used,12,https://www.carousell.sg/p/gaming-laptop-1367833948/?t-id=rdi5OoIjtl_1750823294682&t-referrer_browse_type=categories&t-referrer_category_id=1793&t-referrer_page_type=category_browse&t-referrer_request_id=4d_i0yQKTe-xu4kD&t-referrer_sort_by=popular&t-tap_index=79
71,2025-06-25,15.6‚Äù Wide Screen Lenovo ThinkPad Laptop / intel i5 Processor / 8GB / 500GB Storage / Windows 11 Pro/ Good battery.,S$179,Lightly used,2,https://www.carousell.sg/p/15-6%E2%80%9D-wide-screen-lenovo-thinkpad-laptop-intel-i5-processor-8gb-500gb-storage-windows-11-pro-good-battery-1376792056/?t-id=rdi5OoIjtl_1750823294682&t-referrer_browse_type=categories&t-referrer_category_id=1793&t-referrer_page_type=category_browse&t-referrer_request_id=4d_i0yQKTe-xu4kD&t-referrer_sort_by=popular&t-tap_index=81
72,2025-06-25,MacBook Air M1 256GB,S$700,Lightly used,2,https://www.carousell.sg/p/macbook-air-m1-256gb-1376791978/?t-id=rdi5OoIjtl_1750823294682&t-referrer_browse_type=categories&t-referrer_category_id=1793&t-referrer_page_type=category_browse&t-referrer_request_id=4d_i0yQKTe-xu4kD&t-referrer_sort_by=popular&t-tap_index=82
